,irrigation,irrigation,irrigation,irrigation
,mean,std,min,max
lowirr,0.027521215,0.014225763,5.474501e-05,0.049858317
medirr,0.07120309,0.013640361,0.050050464,0.09944094
highirr,0.17477915,0.102067724,0.100220494,0.60834193
